username,full_name,email,password,bio,city,profile_image_url,total_points,total_events
braddd,Davide Dellacasa,braddd@example.com,zkXb5bw8lUFy_A,"Halo, saya Davide Dellacasa",sukabumi,https://images.unsplash.com/photo-1759354001829-233b2025c6b2?q=80&w=687&auto=format&fit=crop,0,0
eKoeS,Simone Economo,eKoeS@example.com,AB7SRPxMUMOjXA,"Halo, saya Simone Economo",bitung,https://images.unsplash.com/photo-1759354001829-233b2025c6b2?q=80&w=687&auto=format&fit=crop,0,0
tacone_,tacone,tacone_@example.com,yPbGBJAZKTcJHA,"Halo, saya tacone",bandung,https://images.unsplash.com/photo-1759354001829-233b2025c6b2?q=80&w=687&auto=format&fit=crop,0,0
alesstar,alesaura,alesstar@example.com,6lKXOuXZUG1yyQ,"Halo, saya alesaura",tidore_kepulauan,https://images.unsplash.com/photo-1759354001829-233b2025c6b2?q=80&w=687&auto=format&fit=crop,0,0
PerDiletto,Angelo,PerDiletto@example.com,UIEYjIokMGtNnQ,"Halo, saya Angelo",kendari,https://images.unsplash.com/photo-1759354001829-233b2025c6b2?q=80&w=687&auto=format&fit=crop,0,0
crispaol,CRISTIAN PAOLINI,crispaol@example.com,HQTAKkKxTGJDjQ,"Halo, saya CRISTIAN PAOLINI",jakarta_utara,https://images.unsplash.com/photo-1759354001829-233b2025c6b2?q=80&w=687&auto=format&fit=crop,0,0
tmpx,tmpx,tmpx@example.com,j7tRv88qRRkxPQ,"Halo, saya tmpx",jakarta_pusat,https://images.unsplash.com/photo-1759354001829-233b2025c6b2?q=80&w=687&auto=format&fit=crop,0,0
Igor99,igor,Igor99@example.com,m6FWF918hPE_RQ,"Halo, saya igor",bontang,https://images.unsplash.com/photo-1759354001829-233b2025c6b2?q=80&w=687&auto=format&fit=crop,0,0
marcomassarotto,Marco Massarotto,marcomassarotto@example.com,i5Yi9_TRYJVWzw,"Halo, saya Marco Massarotto",tidore_kepulauan,https://images.unsplash.com/photo-1759354001829-233b2025c6b2?q=80&w=687&auto=format&fit=crop,0,0
personanormale,Antonio Parisi,personanormale@example.com,aw_3O58xtE_JbQ,"Halo, saya Antonio Parisi",binjai,https://images.unsplash.com/photo-1759354001829-233b2025c6b2?q=80&w=687&auto=format&fit=crop,0,0
alessandraelle,alessandra elle,alessandraelle@example.com,Y6gY6GSo1UQ1Ww,"Halo, saya alessandra elle",tangerang_selatan,https://images.unsplash.com/photo-1759354001829-233b2025c6b2?q=80&w=687&auto=format&fit=crop,0,0
mackley,Mackley,mackley@example.com,S0_sTwXZK9Pgcg,"Halo, saya Mackley",tidore_kepulauan,https://images.unsplash.com/photo-1759354001829-233b2025c6b2?q=80&w=687&auto=format&fit=crop,0,0
pvalente,Pasquale Valente,pvalente@example.com,n9Y7j1Qe0HrnyA,"Halo, saya Pasquale Valente",probolinggo,https://images.unsplash.com/photo-1759354001829-233b2025c6b2?q=80&w=687&auto=format&fit=crop,0,0
giacomo_beretta,Giacomo Beretta,giacomo_beretta@example.com,cShmteIB8DM4iQ,"Halo, saya Giacomo Beretta",bengkulu,https://images.unsplash.com/photo-1759354001829-233b2025c6b2?q=80&w=687&auto=format&fit=crop,0,0
decumano,decumano,decumano@example.com,m98MuvHcAZk-Pw,"Halo, saya decumano",serang,https://images.unsplash.com/photo-1759354001829-233b2025c6b2?q=80&w=687&auto=format&fit=crop,0,0
bene83,Francesco Benedet,bene83@example.com,MWM2wRL4toUPCA,"Halo, saya Francesco Benedet",pagar_alam,https://images.unsplash.com/photo-1759354001829-233b2025c6b2?q=80&w=687&auto=format&fit=crop,0,0
Moscerina,Erica Firpo,Moscerina@example.com,ZnUqt1KFJN39nA,"Halo, saya Erica Firpo",banjar,https://images.unsplash.com/photo-1759354001829-233b2025c6b2?q=80&w=687&auto=format&fit=crop,0,0
Lonerunner,Flavio® ,Lonerunner@example.com,xG7_nhm3V0aurA,"Halo, saya Flavio® ",bandung,https://images.unsplash.com/photo-1759354001829-233b2025c6b2?q=80&w=687&auto=format&fit=crop,0,0
_Annalisa_,_Annalisa_,_Annalisa_@example.com,K9GuAiAB3g16sQ,"Halo, saya _Annalisa_",bengkulu,https://images.unsplash.com/photo-1759354001829-233b2025c6b2?q=80&w=687&auto=format&fit=crop,0,0
chimelandia,Valentina Bonarrivo,chimelandia@example.com,mcoIITbvUJ-yqA,"Halo, saya Valentina Bonarrivo",jakarta_barat,https://images.unsplash.com/photo-1759354001829-233b2025c6b2?q=80&w=687&auto=format&fit=crop,0,0
fpassannanti,Francesco ,fpassannanti@example.com,K4ZbQxpJOayIig,"Halo, saya Francesco ",jakarta_selatan,https://images.unsplash.com/photo-1759354001829-233b2025c6b2?q=80&w=687&auto=format&fit=crop,0,0
fpav,fausta pavesio,fpav@example.com,VtLd4JTAlQz5Yw,"Halo, saya fausta pavesio",pekalongan,https://images.unsplash.com/photo-1759354001829-233b2025c6b2?q=80&w=687&auto=format&fit=crop,0,0
sognidispersivi,sognidispersivi,sognidispersivi@example.com,_KtBFApy1532Cg,"Halo, saya sognidispersivi",singkawang,https://images.unsplash.com/photo-1759354001829-233b2025c6b2?q=80&w=687&auto=format&fit=crop,0,0
Biecoblu67,Duilio,Biecoblu67@example.com,Wx5vCYbqj3YO0Q,"Halo, saya Duilio",bandung,https://images.unsplash.com/photo-1759354001829-233b2025c6b2?q=80&w=687&auto=format&fit=crop,0,0
felfoss,Felice Fossati,felfoss@example.com,54pH1h8N-I98PQ,"Halo, saya Felice Fossati",salatiga,https://images.unsplash.com/photo-1759354001829-233b2025c6b2?q=80&w=687&auto=format&fit=crop,0,0
ladegri,ladegri,ladegri@example.com,OsiDEZZTGEwLrg,"Halo, saya ladegri",gorontalo,https://images.unsplash.com/photo-1759354001829-233b2025c6b2?q=80&w=687&auto=format&fit=crop,0,0
AndreaDenaro,Andrea Denaro,AndreaDenaro@example.com,1y4ovu34eDvUKA,"Halo, saya Andrea Denaro",tebing_tinggi,https://images.unsplash.com/photo-1759354001829-233b2025c6b2?q=80&w=687&auto=format&fit=crop,0,0
axela90,axel,axela90@example.com,aMxxd_l5qUUnsQ,"Halo, saya axel",surabaya,https://images.unsplash.com/photo-1759354001829-233b2025c6b2?q=80&w=687&auto=format&fit=crop,0,0
fabpicca,Fabrizio Picca,fabpicca@example.com,GYGCPdIk3eH81Q,"Halo, saya Fabrizio Picca",tarakan,https://images.unsplash.com/photo-1759354001829-233b2025c6b2?q=80&w=687&auto=format&fit=crop,0,0
svernali,Salvatore Vernali,svernali@example.com,PgM2U2g3pSdsEw,"Halo, saya Salvatore Vernali",probolinggo,https://images.unsplash.com/photo-1759354001829-233b2025c6b2?q=80&w=687&auto=format&fit=crop,0,0
maxio75,Maxio75,maxio75@example.com,SwuD8Qluo4duZA,"Halo, saya Maxio75",padangsidimpuan,https://images.unsplash.com/photo-1759354001829-233b2025c6b2?q=80&w=687&auto=format&fit=crop,0,0
lazy_,Giangiacomo Miani,lazy_@example.com,5c8_o37psGNGdA,"Halo, saya Giangiacomo Miani",jakarta_pusat,https://images.unsplash.com/photo-1759354001829-233b2025c6b2?q=80&w=687&auto=format&fit=crop,0,0
Matteo81,Ma te? Ooo!!,Matteo81@example.com,81_xr0pmLYFE4g,"Halo, saya Ma te? Ooo!!",palopo,https://images.unsplash.com/photo-1759354001829-233b2025c6b2?q=80&w=687&auto=format&fit=crop,0,0
BetfairItalia,BetfairItalia,BetfairItalia@example.com,FiBj0PFzy1aG_A,"Halo, saya BetfairItalia",serang,https://images.unsplash.com/photo-1759354001829-233b2025c6b2?q=80&w=687&auto=format&fit=crop,0,0
aldofontana,aldofontana,aldofontana@example.com,YOvSJ7ms-Al_bQ,"Halo, saya aldofontana",kendari,https://images.unsplash.com/photo-1759354001829-233b2025c6b2?q=80&w=687&auto=format&fit=crop,0,0
davidedamico,Davide D'Amico,davidedamico@example.com,S8xF4TSU6Wc8_A,"Halo, saya Davide D'Amico",ambon,https://images.unsplash.com/photo-1759354001829-233b2025c6b2?q=80&w=687&auto=format&fit=crop,0,0
LuigiCS,LuigiCS,LuigiCS@example.com,NZDTZ8nLk0IGIw,"Halo, saya LuigiCS",yogyakarta,https://images.unsplash.com/photo-1759354001829-233b2025c6b2?q=80&w=687&auto=format&fit=crop,0,0
paola_uk,Paola Scarpini,paola_uk@example.com,476cgcfqIO4uAg,"Halo, saya Paola Scarpini",cimahi,https://images.unsplash.com/photo-1759354001829-233b2025c6b2?q=80&w=687&auto=format&fit=crop,0,0
lizzappi,lizzappi,lizzappi@example.com,ZoFyygNYFgfsvQ,"Halo, saya lizzappi",tarakan,https://images.unsplash.com/photo-1759354001829-233b2025c6b2?q=80&w=687&auto=format&fit=crop,0,0
CarloFPC,Carlito,CarloFPC@example.com,htOra4Mwc1z_hg,"Halo, saya Carlito",pagar_alam,https://images.unsplash.com/photo-1759354001829-233b2025c6b2?q=80&w=687&auto=format&fit=crop,0,0
AndreaGot,Andrea Gottardi,AndreaGot@example.com,H-9Gq9j4GM5LCg,"Halo, saya Andrea Gottardi",makassar,https://images.unsplash.com/photo-1759354001829-233b2025c6b2?q=80&w=687&auto=format&fit=crop,0,0
avaldi,Andrea Valdi,avaldi@example.com,FvbNk0wR5LCGkA,"Halo, saya Andrea Valdi",kendari,https://images.unsplash.com/photo-1759354001829-233b2025c6b2?q=80&w=687&auto=format&fit=crop,0,0
robymca,roby mca,robymca@example.com,Zl3obTCoaFI6jw,"Halo, saya roby mca",cilegon,https://images.unsplash.com/photo-1759354001829-233b2025c6b2?q=80&w=687&auto=format&fit=crop,0,0
tafferugli,alberto,tafferugli@example.com,jnCvm7ZP5Gr4jw,"Halo, saya alberto",jakarta_barat,https://images.unsplash.com/photo-1759354001829-233b2025c6b2?q=80&w=687&auto=format&fit=crop,0,0
vera92,ϟ Australia ☮ ,vera92@example.com,mmE5qteQsuvRpg,"Halo, saya ϟ Australia ☮ ",yogyakarta,https://images.unsplash.com/photo-1759354001829-233b2025c6b2?q=80&w=687&auto=format&fit=crop,0,0
giulianofederic,Giuliano Federico,giulianofederic@example.com,VmY30P1VYWs9iA,"Halo, saya Giuliano Federico",makassar,https://images.unsplash.com/photo-1759354001829-233b2025c6b2?q=80&w=687&auto=format&fit=crop,0,0
fpagani,Fabrizio Pagani,fpagani@example.com,J1ekn0JCk9O4dg,"Halo, saya Fabrizio Pagani",binjai,https://images.unsplash.com/photo-1759354001829-233b2025c6b2?q=80&w=687&auto=format&fit=crop,0,0
aliareblu,Alessia.,aliareblu@example.com,6Mz5oJrNcn7E6Q,"Halo, saya Alessia.",bengkulu,https://images.unsplash.com/photo-1759354001829-233b2025c6b2?q=80&w=687&auto=format&fit=crop,0,0
giannisibilla,Gianni Sibilla,giannisibilla@example.com,Nr9XYENhL9nodw,"Halo, saya Gianni Sibilla",metro,https://images.unsplash.com/photo-1759354001829-233b2025c6b2?q=80&w=687&auto=format&fit=crop,0,0
mavitheweirdo,mavi zanirato,mavitheweirdo@example.com,FssXOmhBYCuuLQ,"Halo, saya mavi zanirato",bima,https://images.unsplash.com/photo-1759354001829-233b2025c6b2?q=80&w=687&auto=format&fit=crop,0,0
gian_lu,Gianluca,gian_lu@example.com,oBWZCr6jIr8AsQ,"Halo, saya Gianluca",manado,https://images.unsplash.com/photo-1759354001829-233b2025c6b2?q=80&w=687&auto=format&fit=crop,0,0
lo_scotchatore,Enrico Priora,lo_scotchatore@example.com,3Nw1HEddfpATQg,"Halo, saya Enrico Priora",malang,https://images.unsplash.com/photo-1759354001829-233b2025c6b2?q=80&w=687&auto=format&fit=crop,0,0
elektra3000,Francesca B.,elektra3000@example.com,DXowd87QtT50CA,"Halo, saya Francesca B.",singkawang,https://images.unsplash.com/photo-1759354001829-233b2025c6b2?q=80&w=687&auto=format&fit=crop,0,0
LemonWrin,Wrinzo,LemonWrin@example.com,tdi99bMCR0rHkw,"Halo, saya Wrinzo",jayapura,https://images.unsplash.com/photo-1759354001829-233b2025c6b2?q=80&w=687&auto=format&fit=crop,0,0
gianlucamisino,Gianluca Misino,gianlucamisino@example.com,bKHJ7QfqEXyCxA,"Halo, saya Gianluca Misino",banjarbaru,https://images.unsplash.com/photo-1759354001829-233b2025c6b2?q=80&w=687&auto=format&fit=crop,0,0
GabPierro,Gabriele Pierro,GabPierro@example.com,9KzujRds43CdnA,"Halo, saya Gabriele Pierro",ternate,https://images.unsplash.com/photo-1759354001829-233b2025c6b2?q=80&w=687&auto=format&fit=crop,0,0
youmakemephil,Filippo Satolli,youmakemephil@example.com,0gnCGPZIbE99qw,"Halo, saya Filippo Satolli",palu,https://images.unsplash.com/photo-1759354001829-233b2025c6b2?q=80&w=687&auto=format&fit=crop,0,0
gtenagli,Giacomo Tenaglia,gtenagli@example.com,6SYXrEb9jYO_0w,"Halo, saya Giacomo Tenaglia",prabumulih,https://images.unsplash.com/photo-1759354001829-233b2025c6b2?q=80&w=687&auto=format&fit=crop,0,0
OnofrioMas,onofrio mastrandrea,OnofrioMas@example.com,HP8VffsjFP04zA,"Halo, saya onofrio mastrandrea",blitar,https://images.unsplash.com/photo-1759354001829-233b2025c6b2?q=80&w=687&auto=format&fit=crop,0,0
alonzo_89,Alfonso Paciello,alonzo_89@example.com,rEKdqJuI5OqJLQ,"Halo, saya Alfonso Paciello",metro,https://images.unsplash.com/photo-1759354001829-233b2025c6b2?q=80&w=687&auto=format&fit=crop,0,0
lfred0,Alfredo Ghilarducci,lfred0@example.com,bwt7Mnx6pEZ4nQ,"Halo, saya Alfredo Ghilarducci",bekasi,https://images.unsplash.com/photo-1759354001829-233b2025c6b2?q=80&w=687&auto=format&fit=crop,0,0
massimocapone,Massimo Capone,massimocapone@example.com,XlvzRLHyskM4lQ,"Halo, saya Massimo Capone",sabang,https://images.unsplash.com/photo-1759354001829-233b2025c6b2?q=80&w=687&auto=format&fit=crop,0,0
aldorosati,aldo rosati,aldorosati@example.com,WR-aNVLx795wDw,"Halo, saya aldo rosati",kupang,https://images.unsplash.com/photo-1759354001829-233b2025c6b2?q=80&w=687&auto=format&fit=crop,0,0
martinit87,Marta Frediani,martinit87@example.com,vzy2to_9Sko26w,"Halo, saya Marta Frediani",subulussalam,https://images.unsplash.com/photo-1759354001829-233b2025c6b2?q=80&w=687&auto=format&fit=crop,0,0
chewzer,marco,chewzer@example.com,zJh-63kGRrpe5w,"Halo, saya marco",sorong,https://images.unsplash.com/photo-1759354001829-233b2025c6b2?q=80&w=687&auto=format&fit=crop,0,0
LadyZazie,Claudia Cecconato,LadyZazie@example.com,MKVKsuQYTsErmA,"Halo, saya Claudia Cecconato",mataram,https://images.unsplash.com/photo-1759354001829-233b2025c6b2?q=80&w=687&auto=format&fit=crop,0,0
danielestella,Daniele Stella,danielestella@example.com,pN0OSD2rmTJP8w,"Halo, saya Daniele Stella",sawahlunto,https://images.unsplash.com/photo-1759354001829-233b2025c6b2?q=80&w=687&auto=format&fit=crop,0,0
ROSSBNCRGL,il_wallflower,ROSSBNCRGL@example.com,oPqU0Ob4nRCReA,"Halo, saya il_wallflower",dumai,https://images.unsplash.com/photo-1759354001829-233b2025c6b2?q=80&w=687&auto=format&fit=crop,0,0
FioMaravillha,Michele ,FioMaravillha@example.com,CblUM2PKUx6kkg,"Halo, saya Michele ",tasikmalaya,https://images.unsplash.com/photo-1759354001829-233b2025c6b2?q=80&w=687&auto=format&fit=crop,0,0
AngiF117,Angelica Ferrari,AngiF117@example.com,NFlwwc58SwJWpA,"Halo, saya Angelica Ferrari",batam,https://images.unsplash.com/photo-1759354001829-233b2025c6b2?q=80&w=687&auto=format&fit=crop,0,0
uzupetru,zu Petru ,uzupetru@example.com,Uori5V0IqAtVFg,"Halo, saya zu Petru ",banjarbaru,https://images.unsplash.com/photo-1759354001829-233b2025c6b2?q=80&w=687&auto=format&fit=crop,0,0
MoiraColantoni,Moira Colantoni,MoiraColantoni@example.com,cr7BfoBR1eUD-g,"Halo, saya Moira Colantoni",surakarta,https://images.unsplash.com/photo-1759354001829-233b2025c6b2?q=80&w=687&auto=format&fit=crop,0,0
pirata1010,Francesco capone,pirata1010@example.com,cC8a1GnjqURBqg,"Halo, saya Francesco capone",jakarta_selatan,https://images.unsplash.com/photo-1759354001829-233b2025c6b2?q=80&w=687&auto=format&fit=crop,0,0
danielecr,Daniele Cruciani,danielecr@example.com,dDeNTLHiXunwPA,"Halo, saya Daniele Cruciani",kupang,https://images.unsplash.com/photo-1759354001829-233b2025c6b2?q=80&w=687&auto=format&fit=crop,0,0
_SallyJade,Eleonora Boi,_SallyJade@example.com,AczZlVmMjU8c6g,"Halo, saya Eleonora Boi",bekasi,https://images.unsplash.com/photo-1759354001829-233b2025c6b2?q=80&w=687&auto=format&fit=crop,0,0
Al_Brambilla,Alberto Brambilla,Al_Brambilla@example.com,Vpa0-nwvfG5ekw,"Halo, saya Alberto Brambilla",jakarta_selatan,https://images.unsplash.com/photo-1759354001829-233b2025c6b2?q=80&w=687&auto=format&fit=crop,0,0
mario_spn,Mario Spn,mario_spn@example.com,fp0-CzesD2zaYw,"Halo, saya Mario Spn",bima,https://images.unsplash.com/photo-1759354001829-233b2025c6b2?q=80&w=687&auto=format&fit=crop,0,0
cinnamon1962,Cinzia Nanni,cinnamon1962@example.com,APX4uGDpJxotew,"Halo, saya Cinzia Nanni",metro,https://images.unsplash.com/photo-1759354001829-233b2025c6b2?q=80&w=687&auto=format&fit=crop,0,0
LadyManuela,Manuela★★★,LadyManuela@example.com,ejDE49uiN0Pz7A,"Halo, saya Manuela★★★",kendari,https://images.unsplash.com/photo-1759354001829-233b2025c6b2?q=80&w=687&auto=format&fit=crop,0,0
naomaccia,Naomi Bressan,naomaccia@example.com,MAbqQKrXUuOGpg,"Halo, saya Naomi Bressan",palu,https://images.unsplash.com/photo-1759354001829-233b2025c6b2?q=80&w=687&auto=format&fit=crop,0,0
muyuy,Paolo Zanotti,muyuy@example.com,_StYjoeD0dDsbQ,"Halo, saya Paolo Zanotti",sukabumi,https://images.unsplash.com/photo-1759354001829-233b2025c6b2?q=80&w=687&auto=format&fit=crop,0,0
JAYOGRAPHIC,Gru,JAYOGRAPHIC@example.com,cVYJfBnGjgKx4Q,"Halo, saya Gru",mataram,https://images.unsplash.com/photo-1759354001829-233b2025c6b2?q=80&w=687&auto=format&fit=crop,0,0
Lorenzo_CW,Lorenzo Petracco,Lorenzo_CW@example.com,rtIoJLmWsiGFaA,"Halo, saya Lorenzo Petracco",cimahi,https://images.unsplash.com/photo-1759354001829-233b2025c6b2?q=80&w=687&auto=format&fit=crop,0,0
andricor,Corrado Andriani,andricor@example.com,sTZiCpm6I5QIwQ,"Halo, saya Corrado Andriani",medan,https://images.unsplash.com/photo-1759354001829-233b2025c6b2?q=80&w=687&auto=format&fit=crop,0,0
Audrey985,Audrey Mi,Audrey985@example.com,E7MKrrNw6F0N4g,"Halo, saya Audrey Mi",manado,https://images.unsplash.com/photo-1759354001829-233b2025c6b2?q=80&w=687&auto=format&fit=crop,0,0
lineadue,my name's Zaitself,lineadue@example.com,-INFpL9rzGHNbw,"Halo, saya my name's Zaitself",gunungsitoli,https://images.unsplash.com/photo-1759354001829-233b2025c6b2?q=80&w=687&auto=format&fit=crop,0,0
RaulBiova,Samantha coll'H,RaulBiova@example.com,N5MZ0XHtbfBktw,"Halo, saya Samantha coll'H",tangerang,https://images.unsplash.com/photo-1759354001829-233b2025c6b2?q=80&w=687&auto=format&fit=crop,0,0
GiMmiBragaglia,GiMmi Bragaglia ,GiMmiBragaglia@example.com,SMTFJBSWqPoAnQ,"Halo, saya GiMmi Bragaglia ",kediri,https://images.unsplash.com/photo-1759354001829-233b2025c6b2?q=80&w=687&auto=format&fit=crop,0,0
GaetanoPecoraro,Gaetano Pecoraro,GaetanoPecoraro@example.com,13wG9apBhfVBMQ,"Halo, saya Gaetano Pecoraro",tarakan,https://images.unsplash.com/photo-1759354001829-233b2025c6b2?q=80&w=687&auto=format&fit=crop,0,0
armandofrancia,armando francia,armandofrancia@example.com,2bdTKFxrMuMzxw,"Halo, saya armando francia",tanjungbalai,https://images.unsplash.com/photo-1759354001829-233b2025c6b2?q=80&w=687&auto=format&fit=crop,0,0
labandagastrica,La Banda Gastrica,labandagastrica@example.com,xj206CYsab2yhw,"Halo, saya La Banda Gastrica",sungai_penuh,https://images.unsplash.com/photo-1759354001829-233b2025c6b2?q=80&w=687&auto=format&fit=crop,0,0
PetitChevalier,Andrea Maisano,PetitChevalier@example.com,FK9iRU4-4qX_BA,"Halo, saya Andrea Maisano",baubau,https://images.unsplash.com/photo-1759354001829-233b2025c6b2?q=80&w=687&auto=format&fit=crop,0,0
LazarusCRY,Lazarus CRY,LazarusCRY@example.com,c2ET5im_rNLrew,"Halo, saya Lazarus CRY",singkawang,https://images.unsplash.com/photo-1759354001829-233b2025c6b2?q=80&w=687&auto=format&fit=crop,0,0
fabriziopaventi,Fabrizio Paventi,fabriziopaventi@example.com,3wY5HVKkQm_laA,"Halo, saya Fabrizio Paventi",sukabumi,https://images.unsplash.com/photo-1759354001829-233b2025c6b2?q=80&w=687&auto=format&fit=crop,0,0
goddobrando,Gianluca Selicato,goddobrando@example.com,rV3xnBY30XhGiA,"Halo, saya Gianluca Selicato",cirebon,https://images.unsplash.com/photo-1759354001829-233b2025c6b2?q=80&w=687&auto=format&fit=crop,0,0
mgiordano29,maria giordano,mgiordano29@example.com,CidtcEwKADbYxA,"Halo, saya maria giordano",prabumulih,https://images.unsplash.com/photo-1759354001829-233b2025c6b2?q=80&w=687&auto=format&fit=crop,0,0
LoZioBeppe,Beppe POSH,LoZioBeppe@example.com,MZDb-uZyueAVTA,"Halo, saya Beppe POSH",ternate,https://images.unsplash.com/photo-1759354001829-233b2025c6b2?q=80&w=687&auto=format&fit=crop,0,0
giuvannuzzo,giovanni mercadante,giuvannuzzo@example.com,cJ-YqAgAib6KNw,"Halo, saya giovanni mercadante",jakarta_utara,https://images.unsplash.com/photo-1759354001829-233b2025c6b2?q=80&w=687&auto=format&fit=crop,0,0
poldo76,Leonardo Angelini,poldo76@example.com,DntnWXsy7h2T0Q,"Halo, saya Leonardo Angelini",cimahi,https://images.unsplash.com/photo-1759354001829-233b2025c6b2?q=80&w=687&auto=format&fit=crop,0,0
xjawaadscookie,ʸᵒᵘ,xjawaadscookie@example.com,PCclc3UJuMAC2w,"Halo, saya ʸᵒᵘ",pangkalpinang,https://images.unsplash.com/photo-1759354001829-233b2025c6b2?q=80&w=687&auto=format&fit=crop,0,0
